{"cameraMode":{"drawMode":0,"name":"Shaded","section":"Shading Mode"},"sceneLighting":true,"audioPlay":false,"sceneViewState":{"showFog":true,"showMaterialUpdate":true,"showSkybox":true,"showFlares":true,"showImageEffects":true,"showParticleSystems":true},"in2DMode":false,"pivot":{"x":1.099868893623352,"y":1.8582141399383546,"z":10.87887191772461},"rotation":{"x":-0.11588605493307114,"y":0.6594558954238892,"z":-0.10385186970233917,"w":-0.7354838848114014},"size":25.993240356445314,"orthographic":false}